<?xml version="1.0" encoding="UTF-8"?><?xml-stylesheet type="text/css" href="idempiereDocument.css"?><idempiereDocument>
    <header>SalesLeadCRM Package Description</header>
    <H1>Package Name:</H1>
    <packagename>SalesLeadCRM</packagename>
    <H1>Author:</H1>
    <Name:/>
    <H1>Email Address:</H1>
    <Email>red1org@gmail.com</Email>
    <H1>Created:</H1>
    <Date>2016-05-29 16:45:15.358</Date>
    <H1>Updated:</H1>
    <Date>2016-05-29 16:46:42.861</Date>
    <H1>Description:</H1>
    <description>Enhancement to Adaxa Sales Management Module - http://red1.org/adempiere/viewtopic.php?f=45&amp;t=1822</description>
    <H1>Instructions:</H1>
    <instructions/>
    <H1>Files in Package:</H1>
    <file>File: PackOut.xml</file>
    <filedirectory>Directory: \dict\</filedirectory>
    <filenotes>Notes: Contains all application/object settings for package</filenotes>
    <H1>Client:</H1>
    <Client>0-SYSTEM-System</Client>
</idempiereDocument>
